{
  "default": {
    "vco_mix": 0.4096000000000002,
    "detune": 1.9940090000000001,
    "cutoff": 120.9999999999993,
    "vcf env": 1057.9999999999998,
    "Q": 2.047999999999998,
    "key vcf": 1,
    "hpf": 46.178999999999824,
    "a": 0.005,
    "d": 0.1716759999999987,
    "s": 0.6723999999999998,
    "r": 1.6809999999999994,
    "a1": 0.005,
    "d1": 1.159696,
    "s1": 0.6888999999999997,
    "r1": 0.840999999999999,
    "lfo": 4.801999999999989,
    "vibrato": 0,
    "tremolo": 0
  },
  "ether": {
    "vco_mix": 0.6724000000000004,
    "detune": 1.9940090000000001,
    "cutoff": 168.99999999999915,
    "vcf env": 1250,
    "Q": 4.231999999999999,
    "key vcf": 1,
    "hpf": 46.178999999999824,
    "a": 0.005,
    "d": 0.1716759999999987,
    "s": 0.4224999999999996,
    "r": 3.8440000000000003,
    "a1": 0.005,
    "d1": 1.159696,
    "s1": 0.2915999999999996,
    "r1": 2.809,
    "lfo": 4.801999999999989,
    "vibrato": 0.007290000000000004,
    "tremolo": 0
  },
  "tremPad": {
    "vco_mix": 0.4355999999999999,
    "detune": 1.009409,
    "cutoff": 1023.999999999999,
    "vcf env": 1200.5,
    "Q": 4.802,
    "key vcf": 1,
    "hpf": 46.178999999999824,
    "a": 0.5,
    "d": 9.900699,
    "s": 1,
    "r": 20,
    "a1": 0.5,
    "d1": 10,
    "s1": 1,
    "r1": 20,
    "lfo": 1.7999999999999925,
    "vibrato": 0,
    "tremolo": 0.5329000000000006
  },
  "chime": {
    "vco_mix": 0.19359999999999997,
    "detune": 1.9940090000000001,
    "cutoff": 624.9999999999986,
    "vcf env": 1300.5,
    "Q": 2.047999999999998,
    "key vcf": 0.6723999999999998,
    "hpf": 46.178999999999824,
    "a": 0.005,
    "d": 0.28933062867908127,
    "s": 0.5208999999999997,
    "r": 1.457068975770812,
    "a1": 0.005,
    "d1": 0.6305912279255007,
    "s1": 0.04839999999999971,
    "r1": 0.7609756133823595,
    "lfo": 2.047999999999991,
    "vibrato": 0.0032400000000000007,
    "tremolo": 0.24010000000000026,
    "blend": 0.25,
    "shape1": 0.009999999999999943,
    "shape2": 0.3721000000000001,
    "pan": 0.19359999999999955
  },
  "flute": {
    "vco_mix": 0.9025,
    "detune": 1.9940090000000001,
    "shape1": 0.009999999999999943,
    "shape2": 0.05759999999999968,
    "cutoff": 255.9999999999987,
    "vcf env": 1682.0000000000005,
    "Q": 0,
    "key vcf": 0.20249999999999957,
    "hpf": 297.3390000000002,
    "a": 0.12875000000000011,
    "d": 0.9528698290558708,
    "s": 0.23206766894528985,
    "r": 2.886689609031346,
    "a1": 0.17730950000000018,
    "d1": 0.9045583235224439,
    "s1": 0.16809999999999958,
    "r1": 1.9852682527940337,
    "lfo": 3.5279999999999907,
    "vibrato": 0.007290000000000004,
    "tremolo": 0,
    "blend": 0,
    "vcf": 0.5,
    "vca": 0.5,
    "pan": 0.19359999999999955
  }
}