{
  "default": {
    "vco_mix": 0.4096000000000002,
    "detune": 1.9940090000000001,
    "cutoff": 120.9999999999993,
    "envDepth": 1057.9999999999998,
    "Q": 2.047999999999998,
    "keyTracking": 1,
    "highPass": 46.178999999999824,
    "attack": 0.005,
    "decay": 0.1716759999999987,
    "sustain": 0.6723999999999998,
    "release": 1.6809999999999994,
    "vcfAttack": 0.005,
    "vcfDecay": 1.159696,
    "vcfSustain": 0.6888999999999997,
    "vcfRelease": 0.840999999999999,
    "lfo": 1.801999999999989,
    "vibrato": 0,
    "tremolo": 0,
    "blend": 0.1
  },
  "ether": {
    "vco_mix": 0.6724000000000004,
    "detune": 1.9940090000000001,
    "cutoff": 168.99999999999915,
    "envDepth": 1250,
    "Q": 4.231999999999999,
    "keyTracking": 1,
    "highpass": 46.178999999999824,
    "attack": 0.005,
    "decay": 0.1716759999999987,
    "sustain": 0.4224999999999996,
    "release": 3.8440000000000003,
    "vcfAttack": 0.005,
    "vcfDecay": 1.159696,
    "vcfSustain": 0.2915999999999996,
    "vcfRelease": 2.809,
    "lfo": 4.801999999999989,
    "vibrato": 0.007290000000000004,
    "tremolo": 0,
    "blend": 0
  },
  "tremPad": {
    "vco_mix": 0.4355999999999999,
    "detune": 1.009409,
    "cutoff": 1023.999999999999,
    "envDepth": 1200.5,
    "Q": 4.802,
    "keyTracking": 1,
    "highpass": 46.178999999999824,
    "attack": 0.5,
    "decay": 9.900699,
    "sustain": 1,
    "release": 20,
    "vcfAttack": 0.5,
    "vcfDecay": 10,
    "vcfSustain": 1,
    "vcfRelease": 20,
    "lfo": 1.7999999999999925,
    "vibrato": 0,
    "tremolo": 0.5329000000000006,
    "blend": 0
  },
  "chime": {
    "vco_mix": 0.19359999999999997,
    "detune": 1.9940090000000001,
    "cutoff": 624.9999999999986,
    "envDepth": 1300.5,
    "Q": 2.047999999999998,
    "keyTracking": 0.6723999999999998,
    "highpass": 46.178999999999824,
    "attack": 0.005,
    "decay": 0.28933062867908127,
    "sustain": 0.5208999999999997,
    "release": 1.457068975770812,
    "vcfAttack": 0.005,
    "vcfDecay": 0.6305912279255007,
    "vcfSustain": 0.04839999999999971,
    "vcfRelease": 0.7609756133823595,
    "lfo": 2.047999999999991,
    "vibrato": 0.0032400000000000007,
    "tremolo": 0.24010000000000026,
    "blend": 0,
    "shape1": 0.009999999999999943,
    "shape2": 0.3721000000000001,
    "pan": 0.19359999999999955
  },
  "softKeys": {
    "vco_mix": 0.449365565217724,
    "detune": 1,
    "shape1": 0.404,
    "shape2": 0.15999999999999992,
    "cutoff": 720.9999999999994,
    "envDepth": 1416.6605199250457,
    "Q": 0,
    "keyTracking": 0.38999999999999946,
    "highPass": 512.6189999999995,
    "attack": 0.10083199999999999,
    "decay": 0.7932159999999964,
    "sustain": 0,
    "release": 11.249999999999993,
    "vcfAttack": 0.009009499999999976,
    "vcfDecay": 10,
    "vcfSustain": 1,
    "vcfRelease": 20,
    "lfo": 3.2019999999999893,
    "vibrato": 0,
    "tremolo": 0.640312423743285,
    "blend": 0
  },
  "hollow": {
    "vcoBlend": 0.47244094488188976,
    "detune": 1.01,
    "shape1": 0.2204724409448819,
    "shape2": 0.05511811023622047,
    "cutoff": 1479.97085994172,
    "envDepth": 393.57678715357434,
    "Q": 2.000000000000002,
    "keyTracking": 0.3251974703949405,
    "highPass": 121.94593975894867,
    "attack": 0.01,
    "decay": 0.1315202430404861,
    "sustain": 0.7366234732469465,
    "release": 1.574803149606299,
    "vcfAttack": 0.013430462311319849,
    "vcfDecay": 0.49608097216194436,
    "vcfSustain": 0.008928017856035711,
    "vcfRelease": 1.4960629921259843,
    "lfoRate": 4.409448818897638,
    "vibrato": 0,
    "tremolo": 0.1889763779527559,
    "blend": 0
  },
  "electric": {
    "vcoBlend": 0.3641078238014282,
    "detune": 1.003,
    "shape1": 0.47244094488188976,
    "shape2": 0.3163464566929135,
    "cutoff": 1855.592411184822,
    "envDepth": 0,
    "Q": 0,
    "keyTracking": 0.26238452476904955,
    "highPass": 217.59372891526908,
    "attack": 0.01,
    "decay": 0.16872031744063487,
    "sustain": 0.6233591667183335,
    "release": 10.620180453216834,
    "vcfAttack": 0.013430462311319849,
    "vcfDecay": 0.39750077500155,
    "vcfSustain": 0.07120913261826527,
    "vcfRelease": 0.8661417322834646,
    "lfoRate": 3.3070866141732287,
    "vibrato": 0.047244094488188976,
    "tremolo": 0.704761359168582,
    "blend": 0
  }
}