{
  "default": {
    "vco_mix": 0.4096000000000002,
    "detune": 1.9940090000000001,
    "cutoff": 120.9999999999993,
    "vcf env": 1057.9999999999998,
    "Q": 2.047999999999998,
    "key vcf": 1,
    "hpf": 46.178999999999824,
    "a": 0.005,
    "d": 0.1716759999999987,
    "s": 0.6723999999999998,
    "r": 1.6809999999999994,
    "a1": 0.005,
    "d1": 1.159696,
    "s1": 0.6888999999999997,
    "r1": 0.840999999999999,
    "lfo": 4.801999999999989,
    "vibrato": 0,
    "tremolo": 0
  },
  "ether": {
    "vco_mix": 0.6724000000000004,
    "detune": 1.9940090000000001,
    "cutoff": 168.99999999999915,
    "vcf env": 1250,
    "Q": 4.231999999999999,
    "key vcf": 1,
    "hpf": 46.178999999999824,
    "a": 0.005,
    "d": 0.1716759999999987,
    "s": 0.4224999999999996,
    "r": 3.8440000000000003,
    "a1": 0.005,
    "d1": 1.159696,
    "s1": 0.2915999999999996,
    "r1": 2.809,
    "lfo": 4.801999999999989,
    "vibrato": 0.007290000000000004,
    "tremolo": 0
  },
  "tremPad": {
    "vco_mix": 0.4355999999999999,
    "detune": 1.009409,
    "cutoff": 1023.999999999999,
    "vcf env": 1200.5,
    "Q": 4.802,
    "key vcf": 1,
    "hpf": 46.178999999999824,
    "a": 0.5,
    "d": 9.900699,
    "s": 1,
    "r": 20,
    "a1": 0.5,
    "d1": 10,
    "s1": 1,
    "r1": 20,
    "lfo": 1.7999999999999925,
    "vibrato": 0,
    "tremolo": 0.5329000000000006
  },
  "chime": {
    "vco_mix": 0.19359999999999997,
    "detune": 1.9940090000000001,
    "cutoff": 624.9999999999986,
    "vcf env": 1300.5,
    "Q": 2.047999999999998,
    "key vcf": 0.6723999999999998,
    "hpf": 46.178999999999824,
    "a": 0.005,
    "d": 0.28933062867908127,
    "s": 0.5208999999999997,
    "r": 1.457068975770812,
    "a1": 0.005,
    "d1": 0.6305912279255007,
    "s1": 0.04839999999999971,
    "r1": 0.7609756133823595,
    "lfo": 2.047999999999991,
    "vibrato": 0.0032400000000000007,
    "tremolo": 0.24010000000000026,
    "blend": 0.25,
    "shape1": 0.009999999999999943,
    "shape2": 0.3721000000000001,
    "pan": 0.19359999999999955
  },
  "brightFlute": {
    "vco_mix": 0.2,
    "detune": 1.9940090000000001,
    "shape1": 0.014399999999999956,
    "shape2": 0.5929000000000003,
    "cutoff": 451.5748031496063,
    "vcf env": 1300.5,
    "Q": 1.2499999999999978,
    "key vcf": 1,
    "hpf": 46.178999999999824,
    "a": 0.43312550000000055,
    "d": 1.7489470579233493,
    "s": 0.6723999999999998,
    "r": 6.725999851323224,
    "a1": 0.37966550000000043,
    "d1": 7.214896375088833,
    "s1": 0.3843999999999996,
    "r1": 8.066048624558503,
    "lfo": 4.801999999999989,
    "vibrato": 0,
    "tremolo": 0,
    "blend": 0.25,
    "vcf": 0.5,
    "vca": 0.5,
    "pan": 0.25
  },
  "marimba": {
    "vco_mix": 0.2,
    "detune": 1.9940090000000001,
    "shape1": 0,
    "shape2": 0.47610000000000025,
    "cutoff": 689.0776979886195,
    "vcf env": 449.9999999999995,
    "Q": 7.938000000000002,
    "key vcf": 1,
    "hpf": 46.178999999999824,
    "a": 0.005,
    "d": 0.6205438860372465,
    "s": 0.09609999999999962,
    "r": 1.057206927312437,
    "a1": 0.0062375,
    "d1": 0.20368761761222443,
    "s1": 0.1295999999999998,
    "r1": 0.9250243866176376,
    "lfo": 4.801999999999989,
    "vibrato": 0,
    "tremolo": 0,
    "blend": 0.25,
    "vcf": 0.5,
    "vca": 0.5,
    "pan": 0.25
  },
  "brass": {
    "vco_mix": 0.2,
    "detune": 1.9940090000000001,
    "shape1": 0.048400000000000026,
    "shape2": 0.6241000000000004,
    "cutoff": 357.0866141732284,
    "vcf env": 4232.000000000003,
    "Q": 7.938000000000002,
    "key vcf": 1,
    "hpf": 46.178999999999824,
    "a": 0.12384950000000015,
    "d": 2.3814156581117443,
    "s": 0.09609999999999962,
    "r": 3.0406551211459396,
    "a1": 0.10974200000000012,
    "d1": 2.4011772867908308,
    "s1": 0.1368999999999998,
    "r1": 3.28148773235279,
    "lfo": 4.801999999999989,
    "vibrato": 0,
    "tremolo": 0,
    "blend": 0.25,
    "vcf": 0.5,
    "vca": 0.5,
    "pan": 0.25
  }
}