{
  "marimba": {
    "transient": 0.7716535433070866,
    "voicing": 0.1,
    "modIndex": 0.12598425196850394,
    "damping": 0,
    "detune": 0,
    "indexEnv": 0,
    "attack": 0.01,
    "decay": 0.9530218860437721,
    "sustain": 0.21582243164486328,
    "release": 5.748031496062992,
    "ratios": [
      1,
      1,
      2,
      4
    ],
    "level": 1
  },
  "chime": {
    "transient": 0.3464566929133858,
    "voicing": 1.36,
    "modIndex": 0.12598425196850394,
    "damping": 0.536239072478145,
    "detune": 0.5826771653543307,
    "indexEnv": 0.7533015066030131,
    "attack": 0.01,
    "decay": 0.568001116002232,
    "sustain": 0.3487506975013949,
    "release": 10,
    "ratios": [
      1,
      1,
      2,
      4
    ],
    "level": 1
  },
  "piano": {
    "transient": 0.11023622047244094,
    "voicing": 3.070000000000001,
    "modIndex": 1,
    "damping": 0.1676483352966706,
    "detune": 0.14173228346456693,
    "indexEnv": 0.005952011904023807,
    "attack": 0.01,
    "decay": 0.9530218860437721,
    "sustain": 0.7916795833591667,
    "release": 8.031496062992126,
    "ratios": [
      1,
      1,
      2,
      4
    ],
    "level": 1
  },
  "harp": {
    "transient": 0.1,
    "voicing": 4.420000000000003,
    "modIndex": 0.6,
    "damping": 0.4911029822059644,
    "detune": 0.30708661417322836,
    "indexEnv": 0.04501209002418005,
    "attack": 0.01,
    "decay": 0.9530218860437721,
    "sustain": 0.4692789385578771,
    "release": 3,
    "ratios": [
      1,
      1,
      2,
      4
    ],
    "level": 1
  },
  "guitar": {
    "transient": 0.6850393700787402,
    "voicing": 5.590000000000003,
    "modIndex": 0.11811023622047244,
    "damping": 0.3968007936015872,
    "detune": 0.2440944881889764,
    "indexEnv": 0.23250046500093002,
    "attack": 0.01,
    "decay": 0.9530218860437721,
    "sustain": 0.7366234732469465,
    "release": 9.606299212598424,
    "ratios": [
      1,
      1,
      2,
      4
    ],
    "level": 1
  },
  "slap": {
    "transient": 1,
    "voicing": 6.400000000000004,
    "modIndex": 0,
    "damping": 0,
    "detune": 0.06299212598425197,
    "indexEnv": 1.0449500899001796,
    "attack": 0.01,
    "decay": 0.9530218860437721,
    "sustain": 0.30380060760121524,
    "release": 2.204724409448819,
    "ratios": [
      1,
      1,
      2,
      4
    ],
    "level": 1
  },
  "flute": {
    "transient": 0,
    "voicing": 7.750000000000005,
    "modIndex": 0.07086614173228346,
    "damping": 0,
    "detune": 0,
    "indexEnv": 1.5237150474300947,
    "attack": 0.0590702110534523,
    "decay": 1.0601130483108723,
    "sustain": 0.7938006076012156,
    "release": 0.9894037039409284,
    "ratios": [
      1,
      1,
      2,
      4
    ],
    "level": 1
  },
  "electric": {
    "transient": 0.8836000000000009,
    "voicing": 8.37,
    "modIndex": 0.3341078723939991,
    "damping": 0.022500000000000006,
    "detune": 0.18999999999999995,
    "indexEnv": 0.39296791039424056,
    "attack": 0.011044487437106627,
    "decay": 1.0601130483108723,
    "sustain": 0.8638006076012157,
    "release": 0.3,
    "ratios": [
      1,
      1,
      2,
      4
    ],
    "level": 1
  },
  "pad": {
    "transient": 0,
    "voicing": 9,
    "modIndex": 1.4230113164896894,
    "damping": 1,
    "detune": 0.19000000000000003,
    "indexEnv": 1.215672000000001,
    "attack": 0.4522114321540634,
    "decay": 1.0601130483108723,
    "sustain": 0.98,
    "release": 3.7293514144559956,
    "ratios": [
      1,
      1,
      2,
      4
    ],
    "level": 0.5
  }
}