{
  "default": {
    "detune1": 0,
    "detune2": 0,
    "detune3": 0.02,
    "octave1": 0.3763000000000001,
    "octave2": 1.5999999999999996,
    "octave3": 2.16,
    "gain1": 1,
    "gain2": 0.6084000000000007,
    "gain3": 0.5476000000000011,
    "cutoff": 145.9711999999991,
    "Q": 1.015004123715722,
    "keyTrack": 0.8399999999999999,
    "vcfEnvDepth": 562.5000000000003,
    "a": 0.01,
    "d": 1.3826324676318522,
    "s": 0.30250000000000005,
    "r": 3.556883117545685,
    "vcf_a": 0.04,
    "vcf_d": 0.8409999999999971,
    "vcf_s": 0.12752525316941654,
    "vcf_r": 3.0249999999999955,
    "pwm1": 0,
    "pwm2": 0.42999999999999994,
    "pwm3": 0.47,
    "lfoRate": 1.7962052521481457,
    "distortion": 0.25430827878332185,
    "mix": 1
  },
  "fat": {
    "detune1": 0,
    "detune2": 0.11999999999999998,
    "detune3": 0.8499999999999999,
    "octave1": 0.3763000000000001,
    "octave2": 1.5999999999999996,
    "octave3": 2.16,
    "gain1": 1,
    "gain2": 1,
    "gain3": 0.47609999999999963,
    "cutoff": 179.698710402777,
    "Q": 5.391722399245056,
    "keyTrack": 0.96,
    "vcfEnvDepth": 828.0999999999998,
    "a": 0.01,
    "d": 2.4190428560496184,
    "s": 0.10240000000000007,
    "r": 5.873629867976521,
    "vcf_a": 0.04,
    "vcf_d": 0.9609999999999969,
    "vcf_s": 0.6889000000000008,
    "vcf_r": 3.968999999999996,
    "pwm1": 0.2799999999999998,
    "pwm2": 0.7600000000000002,
    "pwm3": 0.45999999999999996,
    "lfoRate": 0.6080368192154831,
    "distortion": 0,
    "mix": 1
  },
  "blip": {
    "detune1": 0,
    "detune2": 0,
    "detune3": 0.02,
    "octave1": 0.3763000000000001,
    "octave2": 1.5999999999999996,
    "octave3": 2.16,
    "gain1": 1,
    "gain2": 0,
    "gain3": 0,
    "cutoff": 145.9711999999991,
    "Q": 5.391722399245056,
    "keyTrack": 0.96,
    "vcfEnvDepth": 739.6000000000006,
    "a": 0.01,
    "d": 0.4073844173733507,
    "s": 0,
    "r": 0.4259935136161205,
    "vcf_a": 0.04,
    "vcf_d": 0.5289999999999974,
    "vcf_s": 0,
    "vcf_r": 0.6759999999999966,
    "pwm1": 0,
    "pwm2": 0.42999999999999994,
    "pwm3": 0.47,
    "lfoRate": 1.7962052521481457,
    "distortion": 0.25430827878332185,
    "mix": 1
  },
  "sub": {
    "detune1": 0,
    "detune2": 0,
    "detune3": 0.5000000000000001,
    "octave1": 0.3763000000000001,
    "octave2": 1.5999999999999996,
    "octave3": 1.7199999999999998,
    "gain1": 1,
    "gain2": 0.6084000000000007,
    "gain3": 0.5476000000000011,
    "cutoff": 145.9711999999991,
    "Q": 0.12264498595105665,
    "keyTrack": 1,
    "vcfEnvDepth": 176.39999999999995,
    "a": 0.003,
    "d": 1.4579999999999995,
    "s": 0,
    "r": 4.049999999999999,
    "vcf_a": 5,
    "vcf_d": 70.71067811865476,
    "vcf_s": 0.5,
    "vcf_r": 70.71067811865476,
    "pwm1": 0,
    "pwm2": 0,
    "pwm3": 0,
    "lfoRate": 12.5,
    "distortion": 1.6478738086663287e-32,
    "mix": 1
  },
  "thick": {
    "detune1": 0,
    "detune2": 0.14,
    "detune3": 0.8500000000000003,
    "octave1": 2.160000000000001,
    "octave2": 2.240000000000001,
    "octave3": 1.3599999999999994,
    "gain1": 1,
    "gain2": 1,
    "gain3": 1,
    "cutoff": 1400,
    "Q": 2.028000000000002,
    "keyTrack": 0.8,
    "vcfEnvDepth": 193.6000000000002,
    "a": 0.005,
    "d": 0.40570562748477157,
    "s": 1,
    "r": 8.60669143703927,
    "vcf_a": 0.015000000000000006,
    "vcf_d": 0.17647186257614297,
    "vcf_s": 1,
    "vcf_r": 1.0642455532033677,
    "pwm1": 0.13999999999999999,
    "pwm2": 0.3799999999999999,
    "pwm3": 0.4900000000000003,
    "lfoRate": 1.2383018489946693,
    "distortion": 0.04436186400000008,
    "mix": 0.99,
    "level": 0.2399999999999995
  },
  "bright": {
    "detune1": 0,
    "detune2": 0.16000000000000003,
    "detune3": 0.97,
    "octave1": 2.160000000000001,
    "octave2": 2.240000000000001,
    "octave3": 2.08,
    "gain1": 1,
    "gain2": 0.3599999999999996,
    "gain3": 0.5928999999999996,
    "cutoff": 1507.0168554498666,
    "Q": 4.563000000000003,
    "keyTrack": 0.8,
    "vcfEnvDepth": 3000,
    "a": 0.005,
    "d": 0.40570562748477157,
    "s": 1,
    "r": 8.60669143703927,
    "vcf_a": 0.03499999999999998,
    "vcf_d": 0.10576623509137159,
    "vcf_s": 0.8280999999999996,
    "vcf_r": 8.649,
    "pwm1": 0,
    "pwm2": 0.6300000000000001,
    "pwm3": 0.8300000000000005,
    "lfoRate": 0.4729547386828803,
    "distortion": 0.02438899999999998,
    "mix": 0.28999999999999937,
    "level": 0.6799999999999998
  },
  "juicyFifths": {
    "detune1": 0,
    "detune2": 0.5100000000000001,
    "detune3": 0.97,
    "octave1": 2.160000000000001,
    "octave2": 2.5600000000000014,
    "octave3": 2.08,
    "gain1": 1,
    "gain2": 0.31360000000000043,
    "gain3": 0.5928999999999996,
    "cutoff": 98.82289100266547,
    "Q": 10.44300000000001,
    "keyTrack": 1.2,
    "vcfEnvDepth": 4000,
    "a": 0.005,
    "d": 1.033116882454315,
    "s": 0.6240999999999997,
    "r": 6.686701810527902,
    "vcf_a": 0.03499999999999998,
    "vcf_d": 0.371883117545686,
    "vcf_s": 0.43559999999999943,
    "vcf_r": 5.328999999999996,
    "pwm1": 0,
    "pwm2": 0.09000000000000002,
    "pwm3": 0.2000000000000005,
    "lfoRate": 0.4729547386828803,
    "distortion": 0.02195199999999985,
    "mix": 0.27999999999999936,
    "level": 0.6599999999999996
  },
  "upright": {
    "detune1": 0,
    "detune2": 0.019999999999999914,
    "detune3": 0,
    "octave1": 2.160000000000001,
    "octave2": 3.160000000000002,
    "octave3": 2.4000000000000004,
    "gain1": 1,
    "gain2": 0.6889000000000006,
    "gain3": 0,
    "cutoff": 98.82289100266547,
    "Q": 0,
    "keyTrack": 0.5999999999999996,
    "vcfEnvDepth": 722.4999999999998,
    "a": 0.005,
    "d": 1.0984011537017784,
    "s": 0,
    "r": 1.5818323274845048,
    "vcf_a": 0,
    "vcf_d": 0.5421572875253813,
    "vcf_s": 0,
    "vcf_r": 0.48399999999999693,
    "pwm1": 0,
    "pwm2": 0,
    "pwm3": 0.8700000000000006,
    "lfoRate": 1.1151773499734225,
    "distortion": 0.02195199999999985,
    "mix": 0.3199999999999994,
    "level": 0.8599999999999998
  }
}