{
  "default": {
    "type": "square",
    "cutoff": 2750.488,
    "Q": 0,
    "keyTrack": 0,
    "envDepth": 0.5999999999976,
    "level": 0.5,
    "attack": 0.4,
    "decay": 0.8906250000000016,
    "sustain": 0.6,
    "release": 1
  },
  "chirp": {
    "type": "saw",
    "cutoff": 380.278,
    "Q": 10.44300000000001,
    "keyTrack": 0,
    "envDepth": 2557.399999999998,
    "level": 0,
    "attack": 0.01000000000000004,
    "decay": 0.3500694444444451,
    "sustain": 0.08999999999999969,
    "release": 0.21777777777777863
  },
  "pluck": {
    "type": "square",
    "cutoff": 343.35200000000003,
    "Q": 11.532000000000012,
    "keyTrack": 0,
    "envDepth": 1306.3999999999974,
    "level": 0,
    "adsr": [
      0.01,
      0.4,
      0.5,
      0.8
    ]
  },
  "flute": {
    "type": "tri",
    "cutoff": 950,
    "Q": 11,
    "keyTrack": 1,
    "envDepth": 0,
    "level": 0,
    "attack": 0.2,
    "decay": 0.2,
    "sustain": 0.9,
    "release": 0.4
  },
  "drone": {
    "type": "saw",
    "cutoff": 435.3276799999999,
    "Q": 14.700000000000012,
    "keyTrack": 0,
    "envDepth": 8.600000000001046,
    "level": 0.5041000000000002,
    "adsr": [
      0.8402777777777787,
      1,
      1,
      1
    ]
  },
  "piano": {
    "type": "saw",
    "cutoff": 100,
    "Q": 0,
    "keyTrack": 1,
    "envDepth": 1200,
    "level": 0,
    "attack": 0.005,
    "decay": 0.5,
    "sustain": 0.3,
    "release": 0.1
  },
  "guitar": {
    "type": "square",
    "cutoff": 800,
    "Q": 0.3,
    "keyTrack": 0.3,
    "envDepth": 1800,
    "level": 0,
    "attack": 0.002,
    "decay": 0.7,
    "sustain": 0.05,
    "release": 0.1
  },
  "brass": {
    "type": "saw",
    "cutoff": 600,
    "Q": 0.5,
    "keyTrack": 0.6,
    "envDepth": 1300,
    "level": 0,
    "attack": 0.1,
    "decay": 0.3,
    "sustain": 0.7,
    "release": 0.6
  },
  "bowedString": {
    "type": "square",
    "cutoff": 1100,
    "Q": 0.1,
    "keyTrack": 0.5,
    "envDepth": 1000,
    "level": 0,
    "attack": 0.4,
    "decay": 0.4,
    "sustain": 0.8,
    "release": 0.5
  },
  "banjo": {
    "type": "square",
    "cutoff": 1200,
    "Q": 4,
    "keyTrack": 0.4,
    "envDepth": 3000,
    "level": 0,
    "attack": 0.001,
    "decay": 0.15,
    "sustain": 0,
    "release": 0.15
  },
  "marimba": {
    "type": "tri",
    "cutoff": 400,
    "Q": 2,
    "keyTrack": 1,
    "envDepth": 4000,
    "level": 0,
    "attack": 0.001,
    "decay": 0.08,
    "sustain": 0,
    "release": 0.1
  },
  "thick": {
    "shape": 0.13299999999999942,
    "rate": 1.25,
    "depth": 0.33250000000000013,
    "cutoff": 3262.501999999996,
    "Q": 11.532000000000012,
    "keyTrack": 1.2,
    "envDepth": 0.5999999999976,
    "level": 0.1,
    "attack": 0.11052668077979443,
    "decay": 0.8906250000000016,
    "sustainTime": 1,
    "release": 0.9999999999999989
  },
  "violin": {
    "shape": 0.6935000000000002,
    "rate": 4.418000000000004,
    "depth": 0.3040000000000001,
    "cutoff": 1952.1279999999956,
    "Q": 7.500000000000007,
    "keyTrack": 1.2,
    "envDepth": 4000,
    "level": 0.1,
    "attack": 0.37510177871865297,
    "decay": 0.8906250000000016,
    "sustainTime": 1,
    "release": 0.6565266807797934
  },
  "cello": {
    "shape": 0.8740000000000004,
    "rate": 5.000000000000004,
    "depth": 0.14250000000000002,
    "cutoff": 3377.271999999996,
    "Q": 7.500000000000007,
    "keyTrack": 0.8799999999999997,
    "envDepth": 1000,
    "level": 0.1,
    "attack": 0.37510177871865297,
    "decay": 0.8906250000000016,
    "sustainTime": 1,
    "release": 0.8775088935932638
  },
  "swell": {
    "shape": 0.23749999999999988,
    "rate": 1.4580000000000002,
    "depth": 0.028499999999999998,
    "cutoff": 5485.047999999996,
    "Q": 1.3230000000000024,
    "keyTrack": 0.8799999999999997,
    "envDepth": 1000,
    "level": 0.1,
    "attack": 1.3746519745963708,
    "decay": 0.8906250000000016,
    "sustainTime": 1,
    "release": 4.709085468524605
  }
}