{
  
  "default": {
    "shape": 0.13299999999999942,
    "rate": 1.25,
    "depth": 0.33250000000000013,
    "cutoff": 3262.501999999996,
    "Q": 11.532000000000012,
    "keyTrack": 1.2,
    "envDepth": 0.5999999999976,
    "level": 0.1,
    "attack": 0.11052668077979443,
    "decay": 0.8906250000000016,
    "sustainTime": 1,
    "release": 0.9999999999999989
  },
  "violin": {
    "shape": 0.6935000000000002,
    "rate": 4.418000000000004,
    "depth": 0.3040000000000001,
    "cutoff": 1952.1279999999956,
    "Q": 7.500000000000007,
    "keyTrack": 1.2,
    "envDepth": 4000,
    "level": 0.1,
    "attack": 0.37510177871865297,
    "decay": 0.8906250000000016,
    "sustainTime": 1,
    "release": 0.6565266807797934
  },
  "cello": {
    "shape": 0.8740000000000004,
    "rate": 5.000000000000004,
    "depth": 0.14250000000000002,
    "cutoff": 3377.271999999996,
    "Q": 7.500000000000007,
    "keyTrack": 0.8799999999999997,
    "envDepth": 1000,
    "level": 0.1,
    "attack": 0.37510177871865297,
    "decay": 0.8906250000000016,
    "sustainTime": 1,
    "release": 0.8775088935932638
  },
  "swell": {
    "shape": 0.23749999999999988,
    "rate": 1.4580000000000002,
    "depth": 0.028499999999999998,
    "cutoff": 5485.047999999996,
    "Q": 1.3230000000000024,
    "keyTrack": 0.8799999999999997,
    "envDepth": 1000,
    "level": 0.1,
    "attack": 1.3746519745963708,
    "decay": 0.8906250000000016,
    "sustainTime": 1,
    "release": 4.709085468524605
  }
}