{
  "default": {
    "type": "square",
    "cutoff": 275.48799999999994,
    "Q": 0,
    "keyTrack": 0,
    "envDepth": 1457.5999999999976,
    "level": 0,
    "attack":  0.02506944444444445,
    "decay":  0.39062500000000155,
    "sustain":  0.08027777777777759,
    "release":  0.2669444444444446
  },
  "chirp": {
    "type": "saw",
    "cutoff": 380.278,
    "Q": 10.44300000000001,
    "keyTrack": 0,
    "envDepth": 2557.399999999998,
    "level": 0,
    "attack":  0.01000000000000004,
    "decay":    0.3500694444444451,
    "sustain":    0.08999999999999969,
    "release":    0.21777777777777863
  },
  "pluck": {
    "type": "square",
    "cutoff": 343.35200000000003,
    "Q": 11.532000000000012,
    "keyTrack": 0,
    "envDepth": 1306.3999999999974,
    "level": 0,
    "adsr": [
      0.01,
      0.4,
      0.5,
      0.8
    ]
  },
  "flute": {
    "type": "tri",
    "cutoff": 20,
    "Q": 0,
    "keyTrack": 0,
    "envDepth": 2197.4000000000037,
    "level": 0,
    "adsr": [
      0.8402777777777787,
      1,
      1,
      1
    ]
  },
  "drone": {
    "type": "saw",
    "cutoff": 435.3276799999999,
    "Q": 14.700000000000012,
    "keyTrack": 0,
    "envDepth": 8.600000000001046,
    "level": 0.5041000000000002,
    "adsr": [
      0.8402777777777787,
      1,
      1,
      1
    ]
  }
}